{
  "project_info": {
    "project_number": "1003726413208",
    "firebase_url": "https://scan-n-park-4dbf2-default-rtdb.asia-southeast1.firebasedatabase.app",
    "project_id": "scan-n-park-4dbf2",
    "storage_bucket": "scan-n-park-4dbf2.appspot.com"
  },
  "client": [
    {
      "client_info": {
        "mobilesdk_app_id": "1:1003726413208:android:e4746209f34a6015fd1fed",
        "android_client_info": {
          "package_name": "com.example.scannpark"
        }
      },
      "oauth_client": [],
      "api_key": [
        {
          "current_key": "AIzaSyD9T0vd19urY_wKs1XbRggabJBr8DvTgWM"
        }
      ],
      "services": {
        "appinvite_service": {
          "other_platform_oauth_client": []
        }
      }
    }
  ],
  "configuration_version": "1"
}